"property1.text","property1.href"
"L3_SHP_M001_ABINGTON.zip","http://wsgw.mass.gov/data/gispub/shape/l3parcels/L3_SHP_M001_ABINGTON.zip"
"L3_SHP_M002_ACTON.zip","http://wsgw.mass.gov/data/gispub/shape/l3parcels/L3_SHP_M002_ACTON.zip"
"L3_SHP_M003_ACUSHNET.zip","http://wsgw.mass.gov/data/gispub/shape/l3parcels/L3_SHP_M003_ACUSHNET.zip"
"L3_SHP_M004_ADAMS.zip","http://wsgw.mass.gov/data/gispub/shape/l3parcels/L3_SHP_M004_ADAMS.zip"
"L3_SHP_M005_AGAWAM.zip","http://wsgw.mass.gov/data/gispub/shape/l3parcels/L3_SHP_M005_AGAWAM.zip"
"L3_SHP_M006_ALFORD.zip","http://wsgw.mass.gov/data/gispub/shape/l3parcels/L3_SHP_M006_ALFORD.zip"
"L3_SHP_M007_AMESBURY.zip","http://wsgw.mass.gov/data/gispub/shape/l3parcels/L3_SHP_M007_AMESBURY.zip"
"L3_SHP_M008_AMHERST.zip","http://wsgw.mass.gov/data/gispub/shape/l3parcels/L3_SHP_M008_AMHERST.zip"
"L3_SHP_M009_ANDOVER.zip","http://wsgw.mass.gov/data/gispub/shape/l3parcels/L3_SHP_M009_ANDOVER.zip"
"L3_SHP_M104_AQUINNAH.zip","http://wsgw.mass.gov/data/gispub/shape/l3parcels/L3_SHP_M104_AQUINNAH.zip"
"L3_SHP_M010_ARLINGTON.zip","http://wsgw.mass.gov/data/gispub/shape/l3parcels/L3_SHP_M010_ARLINGTON.zip"
"L3_SHP_M011_ASHBURNHAM.zip","http://wsgw.mass.gov/data/gispub/shape/l3parcels/L3_SHP_M011_ASHBURNHAM.zip"
"L3_SHP_M012_ASHBY.zip","http://wsgw.mass.gov/data/gispub/shape/l3parcels/L3_SHP_M012_ASHBY.zip"
"L3_SHP_M013_ASHFIELD.zip","http://wsgw.mass.gov/data/gispub/shape/l3parcels/L3_SHP_M013_ASHFIELD.zip"
"L3_SHP_M014_ASHLAND.zip","http://wsgw.mass.gov/data/gispub/shape/l3parcels/L3_SHP_M014_ASHLAND.zip"
"L3_SHP_M015_ATHOL.zip","http://wsgw.mass.gov/data/gispub/shape/l3parcels/L3_SHP_M015_ATHOL.zip"
"L3_SHP_M016_ATTLEBORO.zip","http://wsgw.mass.gov/data/gispub/shape/l3parcels/L3_SHP_M016_ATTLEBORO.zip"
"L3_SHP_M017_AUBURN.zip","http://wsgw.mass.gov/data/gispub/shape/l3parcels/L3_SHP_M017_AUBURN.zip"
"L3_SHP_M018_AVON.zip","http://wsgw.mass.gov/data/gispub/shape/l3parcels/L3_SHP_M018_AVON.zip"
"L3_SHP_M019_AYER.zip","http://wsgw.mass.gov/data/gispub/shape/l3parcels/L3_SHP_M019_AYER.zip"
"L3_SHP_M020_BARNSTABLE.zip","http://wsgw.mass.gov/data/gispub/shape/l3parcels/L3_SHP_M020_BARNSTABLE.zip"
"L3_SHP_M021_BARRE.zip","http://wsgw.mass.gov/data/gispub/shape/l3parcels/L3_SHP_M021_BARRE.zip"
"L3_SHP_M022_BECKET.zip","http://wsgw.mass.gov/data/gispub/shape/l3parcels/L3_SHP_M022_BECKET.zip"
"L3_SHP_M023_BEDFORD.zip","http://wsgw.mass.gov/data/gispub/shape/l3parcels/L3_SHP_M023_BEDFORD.zip"
"L3_SHP_M024_BELCHERTOWN.zip","http://wsgw.mass.gov/data/gispub/shape/l3parcels/L3_SHP_M024_BELCHERTOWN.zip"
"L3_SHP_M025_BELLINGHAM.zip","http://wsgw.mass.gov/data/gispub/shape/l3parcels/L3_SHP_M025_BELLINGHAM.zip"
"L3_SHP_M026_BELMONT.zip","http://wsgw.mass.gov/data/gispub/shape/l3parcels/L3_SHP_M026_BELMONT.zip"
"L3_SHP_M027_BERKLEY.zip","http://wsgw.mass.gov/data/gispub/shape/l3parcels/L3_SHP_M027_BERKLEY.zip"
"L3_SHP_M028_BERLIN.zip","http://wsgw.mass.gov/data/gispub/shape/l3parcels/L3_SHP_M028_BERLIN.zip"
"L3_SHP_M029_BERNARDSTON.zip","http://wsgw.mass.gov/data/gispub/shape/l3parcels/L3_SHP_M029_BERNARDSTON.zip"
"L3_SHP_M030_BEVERLY.zip","http://wsgw.mass.gov/data/gispub/shape/l3parcels/L3_SHP_M030_BEVERLY.zip"
"L3_SHP_M031_BILLERICA.zip","http://wsgw.mass.gov/data/gispub/shape/l3parcels/L3_SHP_M031_BILLERICA.zip"
"L3_SHP_M032_BLACKSTONE.zip","http://wsgw.mass.gov/data/gispub/shape/l3parcels/L3_SHP_M032_BLACKSTONE.zip"
"L3_SHP_M033_BLANDFORD.zip","http://wsgw.mass.gov/data/gispub/shape/l3parcels/L3_SHP_M033_BLANDFORD.zip"
"L3_SHP_M034_BOLTON.zip","http://wsgw.mass.gov/data/gispub/shape/l3parcels/L3_SHP_M034_BOLTON.zip"
"L3_SHP_M036_BOURNE.zip","http://wsgw.mass.gov/data/gispub/shape/l3parcels/L3_SHP_M036_BOURNE.zip"
"L3_SHP_M037_BOXBOROUGH.zip","http://wsgw.mass.gov/data/gispub/shape/l3parcels/L3_SHP_M037_BOXBOROUGH.zip"
"L3_SHP_M038_BOXFORD.zip","http://wsgw.mass.gov/data/gispub/shape/l3parcels/L3_SHP_M038_BOXFORD.zip"
"L3_SHP_M039_BOYLSTON.zip","http://wsgw.mass.gov/data/gispub/shape/l3parcels/L3_SHP_M039_BOYLSTON.zip"
"L3_SHP_M040_BRAINTREE.zip","http://wsgw.mass.gov/data/gispub/shape/l3parcels/L3_SHP_M040_BRAINTREE.zip"
"L3_SHP_M041_BREWSTER.zip","http://wsgw.mass.gov/data/gispub/shape/l3parcels/L3_SHP_M041_BREWSTER.zip"
"L3_SHP_M042_BRIDGEWATER.zip","http://wsgw.mass.gov/data/gispub/shape/l3parcels/L3_SHP_M042_BRIDGEWATER.zip"
"L3_SHP_M043_BRIMFIELD.zip","http://wsgw.mass.gov/data/gispub/shape/l3parcels/L3_SHP_M043_BRIMFIELD.zip"
"L3_SHP_M044_BROCKTON.zip","http://wsgw.mass.gov/data/gispub/shape/l3parcels/L3_SHP_M044_BROCKTON.zip"
"L3_SHP_M045_BROOKFIELD.zip","http://wsgw.mass.gov/data/gispub/shape/l3parcels/L3_SHP_M045_BROOKFIELD.zip"
"L3_SHP_M046_BROOKLINE.zip","http://wsgw.mass.gov/data/gispub/shape/l3parcels/L3_SHP_M046_BROOKLINE.zip"
"L3_SHP_M047_BUCKLAND.zip","http://wsgw.mass.gov/data/gispub/shape/l3parcels/L3_SHP_M047_BUCKLAND.zip"
"L3_SHP_M048_BURLINGTON.zip","http://wsgw.mass.gov/data/gispub/shape/l3parcels/L3_SHP_M048_BURLINGTON.zip"
"L3_SHP_M049_CAMBRIDGE.zip","http://wsgw.mass.gov/data/gispub/shape/l3parcels/L3_SHP_M049_CAMBRIDGE.zip"
"L3_SHP_M050_CANTON.zip","http://wsgw.mass.gov/data/gispub/shape/l3parcels/L3_SHP_M050_CANTON.zip"
"L3_SHP_M051_CARLISLE.zip","http://wsgw.mass.gov/data/gispub/shape/l3parcels/L3_SHP_M051_CARLISLE.zip"
"L3_SHP_M052_CARVER.zip","http://wsgw.mass.gov/data/gispub/shape/l3parcels/L3_SHP_M052_CARVER.zip"
"L3_SHP_M053_CHARLEMONT.zip","http://wsgw.mass.gov/data/gispub/shape/l3parcels/L3_SHP_M053_CHARLEMONT.zip"
"L3_SHP_M054_CHARLTON.zip","http://wsgw.mass.gov/data/gispub/shape/l3parcels/L3_SHP_M054_CHARLTON.zip"
"L3_SHP_M055_CHATHAM.zip","http://wsgw.mass.gov/data/gispub/shape/l3parcels/L3_SHP_M055_CHATHAM.zip"
"L3_SHP_M056_CHELMSFORD.zip","http://wsgw.mass.gov/data/gispub/shape/l3parcels/L3_SHP_M056_CHELMSFORD.zip"
"L3_SHP_M057_CHELSEA.zip","http://wsgw.mass.gov/data/gispub/shape/l3parcels/L3_SHP_M057_CHELSEA.zip"
"L3_SHP_M058_CHESHIRE.zip","http://wsgw.mass.gov/data/gispub/shape/l3parcels/L3_SHP_M058_CHESHIRE.zip"
"L3_SHP_M059_CHESTER.zip","http://wsgw.mass.gov/data/gispub/shape/l3parcels/L3_SHP_M059_CHESTER.zip"
"L3_SHP_M060_CHESTERFIELD.zip","http://wsgw.mass.gov/data/gispub/shape/l3parcels/L3_SHP_M060_CHESTERFIELD.zip"
"L3_SHP_M061_CHICOPEE.zip","http://wsgw.mass.gov/data/gispub/shape/l3parcels/L3_SHP_M061_CHICOPEE.zip"
"L3_SHP_M062_CHILMARK.zip","http://wsgw.mass.gov/data/gispub/shape/l3parcels/L3_SHP_M062_CHILMARK.zip"
"L3_SHP_M063_CLARKSBURG.zip","http://wsgw.mass.gov/data/gispub/shape/l3parcels/L3_SHP_M063_CLARKSBURG.zip"
"L3_SHP_M064_CLINTON.zip","http://wsgw.mass.gov/data/gispub/shape/l3parcels/L3_SHP_M064_CLINTON.zip"
"L3_SHP_M065_COHASSET.zip","http://wsgw.mass.gov/data/gispub/shape/l3parcels/L3_SHP_M065_COHASSET.zip"
"L3_SHP_M066_COLRAIN.zip","http://wsgw.mass.gov/data/gispub/shape/l3parcels/L3_SHP_M066_COLRAIN.zip"
"L3_SHP_M067_CONCORD.zip","http://wsgw.mass.gov/data/gispub/shape/l3parcels/L3_SHP_M067_CONCORD.zip"
"L3_SHP_M068_CONWAY.zip","http://wsgw.mass.gov/data/gispub/shape/l3parcels/L3_SHP_M068_CONWAY.zip"
"L3_SHP_M069_CUMMINGTON.zip","http://wsgw.mass.gov/data/gispub/shape/l3parcels/L3_SHP_M069_CUMMINGTON.zip"
"L3_SHP_M070_DALTON.zip","http://wsgw.mass.gov/data/gispub/shape/l3parcels/L3_SHP_M070_DALTON.zip"
"L3_SHP_M071_DANVERS.zip","http://wsgw.mass.gov/data/gispub/shape/l3parcels/L3_SHP_M071_DANVERS.zip"
"L3_SHP_M072_DARTMOUTH.zip","http://wsgw.mass.gov/data/gispub/shape/l3parcels/L3_SHP_M072_DARTMOUTH.zip"
"L3_SHP_M073_DEDHAM.zip","http://wsgw.mass.gov/data/gispub/shape/l3parcels/L3_SHP_M073_DEDHAM.zip"
"L3_SHP_M074_DEERFIELD.zip","http://wsgw.mass.gov/data/gispub/shape/l3parcels/L3_SHP_M074_DEERFIELD.zip"
"L3_SHP_M075_DENNIS.zip","http://wsgw.mass.gov/data/gispub/shape/l3parcels/L3_SHP_M075_DENNIS.zip"
"L3_SHP_M076_DIGHTON.zip","http://wsgw.mass.gov/data/gispub/shape/l3parcels/L3_SHP_M076_DIGHTON.zip"
"L3_SHP_M077_DOUGLAS.zip","http://wsgw.mass.gov/data/gispub/shape/l3parcels/L3_SHP_M077_DOUGLAS.zip"
"L3_SHP_M078_DOVER.zip","http://wsgw.mass.gov/data/gispub/shape/l3parcels/L3_SHP_M078_DOVER.zip"
"L3_SHP_M079_DRACUT.zip","http://wsgw.mass.gov/data/gispub/shape/l3parcels/L3_SHP_M079_DRACUT.zip"
"L3_SHP_M080_DUDLEY.zip","http://wsgw.mass.gov/data/gispub/shape/l3parcels/L3_SHP_M080_DUDLEY.zip"
"L3_SHP_M081_DUNSTABLE.zip","http://wsgw.mass.gov/data/gispub/shape/l3parcels/L3_SHP_M081_DUNSTABLE.zip"
"L3_SHP_M082_DUXBURY.zip","http://wsgw.mass.gov/data/gispub/shape/l3parcels/L3_SHP_M082_DUXBURY.zip"
"L3_SHP_M083_EASTBRIDGEWATER.zip","http://wsgw.mass.gov/data/gispub/shape/l3parcels/L3_SHP_M083_EASTBRIDGEWATER.zip"
"L3_SHP_M084_EASTBROOKFIELD.zip","http://wsgw.mass.gov/data/gispub/shape/l3parcels/L3_SHP_M084_EASTBROOKFIELD.zip"
"L3_SHP_M085_EASTLONGMEADOW.zip","http://wsgw.mass.gov/data/gispub/shape/l3parcels/L3_SHP_M085_EASTLONGMEADOW.zip"
"L3_SHP_M086_EASTHAM.zip","http://wsgw.mass.gov/data/gispub/shape/l3parcels/L3_SHP_M086_EASTHAM.zip"
"L3_SHP_M087_EASTHAMPTON.zip","http://wsgw.mass.gov/data/gispub/shape/l3parcels/L3_SHP_M087_EASTHAMPTON.zip"
"L3_SHP_M088_EASTON.zip","http://wsgw.mass.gov/data/gispub/shape/l3parcels/L3_SHP_M088_EASTON.zip"
"L3_SHP_M089_EDGARTOWN.zip","http://wsgw.mass.gov/data/gispub/shape/l3parcels/L3_SHP_M089_EDGARTOWN.zip"
"L3_SHP_M090_EGREMONT.zip","http://wsgw.mass.gov/data/gispub/shape/l3parcels/L3_SHP_M090_EGREMONT.zip"
"L3_SHP_M091_ERVING.zip","http://wsgw.mass.gov/data/gispub/shape/l3parcels/L3_SHP_M091_ERVING.zip"
"L3_SHP_M092_ESSEX.zip","http://wsgw.mass.gov/data/gispub/shape/l3parcels/L3_SHP_M092_ESSEX.zip"
"L3_SHP_M093_EVERETT.zip","http://wsgw.mass.gov/data/gispub/shape/l3parcels/L3_SHP_M093_EVERETT.zip"
"L3_SHP_M094_FAIRHAVEN.zip","http://wsgw.mass.gov/data/gispub/shape/l3parcels/L3_SHP_M094_FAIRHAVEN.zip"
"L3_SHP_M095_FALLRIVER.zip","http://wsgw.mass.gov/data/gispub/shape/l3parcels/L3_SHP_M095_FALLRIVER.zip"
"L3_SHP_M096_FALMOUTH.zip","http://wsgw.mass.gov/data/gispub/shape/l3parcels/L3_SHP_M096_FALMOUTH.zip"
"L3_SHP_M097_FITCHBURG.zip","http://wsgw.mass.gov/data/gispub/shape/l3parcels/L3_SHP_M097_FITCHBURG.zip"
"L3_SHP_M098_FLORIDA.zip","http://wsgw.mass.gov/data/gispub/shape/l3parcels/L3_SHP_M098_FLORIDA.zip"
"L3_SHP_M099_FOXBOROUGH.zip","http://wsgw.mass.gov/data/gispub/shape/l3parcels/L3_SHP_M099_FOXBOROUGH.zip"
"L3_SHP_M100_FRAMINGHAM.zip","http://wsgw.mass.gov/data/gispub/shape/l3parcels/L3_SHP_M100_FRAMINGHAM.zip"
"L3_SHP_M101_FRANKLIN.zip","http://wsgw.mass.gov/data/gispub/shape/l3parcels/L3_SHP_M101_FRANKLIN.zip"
"L3_SHP_M102_FREETOWN.zip","http://wsgw.mass.gov/data/gispub/shape/l3parcels/L3_SHP_M102_FREETOWN.zip"
"L3_SHP_M103_GARDNER.zip","http://wsgw.mass.gov/data/gispub/shape/l3parcels/L3_SHP_M103_GARDNER.zip"
"L3_SHP_M105_GEORGETOWN.zip","http://wsgw.mass.gov/data/gispub/shape/l3parcels/L3_SHP_M105_GEORGETOWN.zip"
"L3_SHP_M106_GILL.zip","http://wsgw.mass.gov/data/gispub/shape/l3parcels/L3_SHP_M106_GILL.zip"
"L3_SHP_M107_GLOUCESTER.zip","http://wsgw.mass.gov/data/gispub/shape/l3parcels/L3_SHP_M107_GLOUCESTER.zip"
"L3_SHP_M108_GOSHEN.zip","http://wsgw.mass.gov/data/gispub/shape/l3parcels/L3_SHP_M108_GOSHEN.zip"
"L3_SHP_M109_GOSNOLD.zip","http://wsgw.mass.gov/data/gispub/shape/l3parcels/L3_SHP_M109_GOSNOLD.zip"
"L3_SHP_M110_GRAFTON.zip","http://wsgw.mass.gov/data/gispub/shape/l3parcels/L3_SHP_M110_GRAFTON.zip"
"L3_SHP_M111_GRANBY.zip","http://wsgw.mass.gov/data/gispub/shape/l3parcels/L3_SHP_M111_GRANBY.zip"
"L3_SHP_M112_GRANVILLE.zip","http://wsgw.mass.gov/data/gispub/shape/l3parcels/L3_SHP_M112_GRANVILLE.zip"
"L3_SHP_M113_GREATBARRINGTON.zip","http://wsgw.mass.gov/data/gispub/shape/l3parcels/L3_SHP_M113_GREATBARRINGTON.zip"
"L3_SHP_M114_GREENFIELD.zip","http://wsgw.mass.gov/data/gispub/shape/l3parcels/L3_SHP_M114_GREENFIELD.zip"
"L3_SHP_M115_GROTON.zip","http://wsgw.mass.gov/data/gispub/shape/l3parcels/L3_SHP_M115_GROTON.zip"
"L3_SHP_M116_GROVELAND.zip","http://wsgw.mass.gov/data/gispub/shape/l3parcels/L3_SHP_M116_GROVELAND.zip"
"L3_SHP_M117_HADLEY.zip","http://wsgw.mass.gov/data/gispub/shape/l3parcels/L3_SHP_M117_HADLEY.zip"
"L3_SHP_M118_HALIFAX.zip","http://wsgw.mass.gov/data/gispub/shape/l3parcels/L3_SHP_M118_HALIFAX.zip"
"L3_SHP_M119_HAMILTON.zip","http://wsgw.mass.gov/data/gispub/shape/l3parcels/L3_SHP_M119_HAMILTON.zip"
"L3_SHP_M120_HAMPDEN.zip","http://wsgw.mass.gov/data/gispub/shape/l3parcels/L3_SHP_M120_HAMPDEN.zip"
"L3_SHP_M121_HANCOCK.zip","http://wsgw.mass.gov/data/gispub/shape/l3parcels/L3_SHP_M121_HANCOCK.zip"
"L3_SHP_M122_HANOVER.zip","http://wsgw.mass.gov/data/gispub/shape/l3parcels/L3_SHP_M122_HANOVER.zip"
"L3_SHP_M123_HANSON.zip","http://wsgw.mass.gov/data/gispub/shape/l3parcels/L3_SHP_M123_HANSON.zip"
"L3_SHP_M124_HARDWICK.zip","http://wsgw.mass.gov/data/gispub/shape/l3parcels/L3_SHP_M124_HARDWICK.zip"
"L3_SHP_M125_HARVARD.zip","http://wsgw.mass.gov/data/gispub/shape/l3parcels/L3_SHP_M125_HARVARD.zip"
"L3_SHP_M126_HARWICH.zip","http://wsgw.mass.gov/data/gispub/shape/l3parcels/L3_SHP_M126_HARWICH.zip"
"L3_SHP_M127_HATFIELD.zip","http://wsgw.mass.gov/data/gispub/shape/l3parcels/L3_SHP_M127_HATFIELD.zip"
"L3_SHP_M128_HAVERHILL.zip","http://wsgw.mass.gov/data/gispub/shape/l3parcels/L3_SHP_M128_HAVERHILL.zip"
"L3_SHP_M129_HAWLEY.zip","http://wsgw.mass.gov/data/gispub/shape/l3parcels/L3_SHP_M129_HAWLEY.zip"
"L3_SHP_M130_HEATH.zip","http://wsgw.mass.gov/data/gispub/shape/l3parcels/L3_SHP_M130_HEATH.zip"
"L3_SHP_M131_HINGHAM.zip","http://wsgw.mass.gov/data/gispub/shape/l3parcels/L3_SHP_M131_HINGHAM.zip"
"L3_SHP_M132_HINSDALE.zip","http://wsgw.mass.gov/data/gispub/shape/l3parcels/L3_SHP_M132_HINSDALE.zip"
"L3_SHP_M133_HOLBROOK.zip","http://wsgw.mass.gov/data/gispub/shape/l3parcels/L3_SHP_M133_HOLBROOK.zip"
"L3_SHP_M134_HOLDEN.zip","http://wsgw.mass.gov/data/gispub/shape/l3parcels/L3_SHP_M134_HOLDEN.zip"
"L3_SHP_M135_HOLLAND.zip","http://wsgw.mass.gov/data/gispub/shape/l3parcels/L3_SHP_M135_HOLLAND.zip"
"L3_SHP_M136_HOLLISTON.zip","http://wsgw.mass.gov/data/gispub/shape/l3parcels/L3_SHP_M136_HOLLISTON.zip"
"L3_SHP_M137_HOLYOKE.zip","http://wsgw.mass.gov/data/gispub/shape/l3parcels/L3_SHP_M137_HOLYOKE.zip"
"L3_SHP_M138_HOPEDALE.zip","http://wsgw.mass.gov/data/gispub/shape/l3parcels/L3_SHP_M138_HOPEDALE.zip"
"L3_SHP_M139_HOPKINTON.zip","http://wsgw.mass.gov/data/gispub/shape/l3parcels/L3_SHP_M139_HOPKINTON.zip"
"L3_SHP_M140_HUBBARDSTON.zip","http://wsgw.mass.gov/data/gispub/shape/l3parcels/L3_SHP_M140_HUBBARDSTON.zip"
"L3_SHP_M141_HUDSON.zip","http://wsgw.mass.gov/data/gispub/shape/l3parcels/L3_SHP_M141_HUDSON.zip"
"L3_SHP_M142_HULL.zip","http://wsgw.mass.gov/data/gispub/shape/l3parcels/L3_SHP_M142_HULL.zip"
"L3_SHP_M143_HUNTINGTON.zip","http://wsgw.mass.gov/data/gispub/shape/l3parcels/L3_SHP_M143_HUNTINGTON.zip"
"L3_SHP_M144_IPSWICH.zip","http://wsgw.mass.gov/data/gispub/shape/l3parcels/L3_SHP_M144_IPSWICH.zip"
"L3_SHP_M145_KINGSTON.zip","http://wsgw.mass.gov/data/gispub/shape/l3parcels/L3_SHP_M145_KINGSTON.zip"
"L3_SHP_M146_LAKEVILLE.zip","http://wsgw.mass.gov/data/gispub/shape/l3parcels/L3_SHP_M146_LAKEVILLE.zip"
"L3_SHP_M147_LANCASTER.zip","http://wsgw.mass.gov/data/gispub/shape/l3parcels/L3_SHP_M147_LANCASTER.zip"
"L3_SHP_M148_LANESBOROUGH.zip","http://wsgw.mass.gov/data/gispub/shape/l3parcels/L3_SHP_M148_LANESBOROUGH.zip"
"L3_SHP_M149_LAWRENCE.zip","http://wsgw.mass.gov/data/gispub/shape/l3parcels/L3_SHP_M149_LAWRENCE.zip"
"L3_SHP_M150_LEE.zip","http://wsgw.mass.gov/data/gispub/shape/l3parcels/L3_SHP_M150_LEE.zip"
"L3_SHP_M151_LEICESTER.zip","http://wsgw.mass.gov/data/gispub/shape/l3parcels/L3_SHP_M151_LEICESTER.zip"
"L3_SHP_M152_LENOX.zip","http://wsgw.mass.gov/data/gispub/shape/l3parcels/L3_SHP_M152_LENOX.zip"
"L3_SHP_M153_LEOMINSTER.zip","http://wsgw.mass.gov/data/gispub/shape/l3parcels/L3_SHP_M153_LEOMINSTER.zip"
"L3_SHP_M154_LEVERETT.zip","http://wsgw.mass.gov/data/gispub/shape/l3parcels/L3_SHP_M154_LEVERETT.zip"
"L3_SHP_M155_LEXINGTON.zip","http://wsgw.mass.gov/data/gispub/shape/l3parcels/L3_SHP_M155_LEXINGTON.zip"
"L3_SHP_M156_LEYDEN.zip","http://wsgw.mass.gov/data/gispub/shape/l3parcels/L3_SHP_M156_LEYDEN.zip"
"L3_SHP_M157_LINCOLN.zip","http://wsgw.mass.gov/data/gispub/shape/l3parcels/L3_SHP_M157_LINCOLN.zip"
"L3_SHP_M158_LITTLETON.zip","http://wsgw.mass.gov/data/gispub/shape/l3parcels/L3_SHP_M158_LITTLETON.zip"
"L3_SHP_M159_LONGMEADOW.zip","http://wsgw.mass.gov/data/gispub/shape/l3parcels/L3_SHP_M159_LONGMEADOW.zip"
"L3_SHP_M160_LOWELL.zip","http://wsgw.mass.gov/data/gispub/shape/l3parcels/L3_SHP_M160_LOWELL.zip"
"L3_SHP_M161_LUDLOW.zip","http://wsgw.mass.gov/data/gispub/shape/l3parcels/L3_SHP_M161_LUDLOW.zip"
"L3_SHP_M162_LUNENBURG.zip","http://wsgw.mass.gov/data/gispub/shape/l3parcels/L3_SHP_M162_LUNENBURG.zip"
"L3_SHP_M163_LYNN.zip","http://wsgw.mass.gov/data/gispub/shape/l3parcels/L3_SHP_M163_LYNN.zip"
"L3_SHP_M164_LYNNFIELD.zip","http://wsgw.mass.gov/data/gispub/shape/l3parcels/L3_SHP_M164_LYNNFIELD.zip"
"L3_SHP_M165_MALDEN.zip","http://wsgw.mass.gov/data/gispub/shape/l3parcels/L3_SHP_M165_MALDEN.zip"
"L3_SHP_M166_MANCHESTER.zip","http://wsgw.mass.gov/data/gispub/shape/l3parcels/L3_SHP_M166_MANCHESTER.zip"
"L3_SHP_M167_MANSFIELD.zip","http://wsgw.mass.gov/data/gispub/shape/l3parcels/L3_SHP_M167_MANSFIELD.zip"
"L3_SHP_M168_MARBLEHEAD.zip","http://wsgw.mass.gov/data/gispub/shape/l3parcels/L3_SHP_M168_MARBLEHEAD.zip"
"L3_SHP_M169_MARION.zip","http://wsgw.mass.gov/data/gispub/shape/l3parcels/L3_SHP_M169_MARION.zip"
"L3_SHP_M170_MARLBOROUGH.zip","http://wsgw.mass.gov/data/gispub/shape/l3parcels/L3_SHP_M170_MARLBOROUGH.zip"
"L3_SHP_M171_MARSHFIELD.zip","http://wsgw.mass.gov/data/gispub/shape/l3parcels/L3_SHP_M171_MARSHFIELD.zip"
"L3_SHP_M172_MASHPEE.zip","http://wsgw.mass.gov/data/gispub/shape/l3parcels/L3_SHP_M172_MASHPEE.zip"
"L3_SHP_M173_MATTAPOISETT.zip","http://wsgw.mass.gov/data/gispub/shape/l3parcels/L3_SHP_M173_MATTAPOISETT.zip"
"L3_SHP_M174_MAYNARD.zip","http://wsgw.mass.gov/data/gispub/shape/l3parcels/L3_SHP_M174_MAYNARD.zip"
"L3_SHP_M175_MEDFIELD.zip","http://wsgw.mass.gov/data/gispub/shape/l3parcels/L3_SHP_M175_MEDFIELD.zip"
"L3_SHP_M176_MEDFORD.zip","http://wsgw.mass.gov/data/gispub/shape/l3parcels/L3_SHP_M176_MEDFORD.zip"
"L3_SHP_M177_MEDWAY.zip","http://wsgw.mass.gov/data/gispub/shape/l3parcels/L3_SHP_M177_MEDWAY.zip"
"L3_SHP_M178_MELROSE.zip","http://wsgw.mass.gov/data/gispub/shape/l3parcels/L3_SHP_M178_MELROSE.zip"
"L3_SHP_M179_MENDON.zip","http://wsgw.mass.gov/data/gispub/shape/l3parcels/L3_SHP_M179_MENDON.zip"
"L3_SHP_M180_MERRIMAC.zip","http://wsgw.mass.gov/data/gispub/shape/l3parcels/L3_SHP_M180_MERRIMAC.zip"
"L3_SHP_M181_METHUEN.zip","http://wsgw.mass.gov/data/gispub/shape/l3parcels/L3_SHP_M181_METHUEN.zip"
"L3_SHP_M182_MIDDLEBOROUGH.zip","http://wsgw.mass.gov/data/gispub/shape/l3parcels/L3_SHP_M182_MIDDLEBOROUGH.zip"
"L3_SHP_M183_MIDDLEFIELD.zip","http://wsgw.mass.gov/data/gispub/shape/l3parcels/L3_SHP_M183_MIDDLEFIELD.zip"
"L3_SHP_M184_MIDDLETON.zip","http://wsgw.mass.gov/data/gispub/shape/l3parcels/L3_SHP_M184_MIDDLETON.zip"
"L3_SHP_M185_MILFORD.zip","http://wsgw.mass.gov/data/gispub/shape/l3parcels/L3_SHP_M185_MILFORD.zip"
"L3_SHP_M186_MILLBURY.zip","http://wsgw.mass.gov/data/gispub/shape/l3parcels/L3_SHP_M186_MILLBURY.zip"
"L3_SHP_M187_MILLIS.zip","http://wsgw.mass.gov/data/gispub/shape/l3parcels/L3_SHP_M187_MILLIS.zip"
"L3_SHP_M188_MILLVILLE.zip","http://wsgw.mass.gov/data/gispub/shape/l3parcels/L3_SHP_M188_MILLVILLE.zip"
"L3_SHP_M189_MILTON.zip","http://wsgw.mass.gov/data/gispub/shape/l3parcels/L3_SHP_M189_MILTON.zip"
"L3_SHP_M190_MONROE.zip","http://wsgw.mass.gov/data/gispub/shape/l3parcels/L3_SHP_M190_MONROE.zip"
"L3_SHP_M191_MONSON.zip","http://wsgw.mass.gov/data/gispub/shape/l3parcels/L3_SHP_M191_MONSON.zip"
"L3_SHP_M192_MONTAGUE.zip","http://wsgw.mass.gov/data/gispub/shape/l3parcels/L3_SHP_M192_MONTAGUE.zip"
"L3_SHP_M193_MONTEREY.zip","http://wsgw.mass.gov/data/gispub/shape/l3parcels/L3_SHP_M193_MONTEREY.zip"
"L3_SHP_M194_MONTGOMERY.zip","http://wsgw.mass.gov/data/gispub/shape/l3parcels/L3_SHP_M194_MONTGOMERY.zip"
"L3_SHP_M195_MOUNTWASHINGTON.zip","http://wsgw.mass.gov/data/gispub/shape/l3parcels/L3_SHP_M195_MOUNTWASHINGTON.zip"
"L3_SHP_M196_NAHANT.zip","http://wsgw.mass.gov/data/gispub/shape/l3parcels/L3_SHP_M196_NAHANT.zip"
"L3_SHP_M197_NANTUCKET.zip","http://wsgw.mass.gov/data/gispub/shape/l3parcels/L3_SHP_M197_NANTUCKET.zip"
"L3_SHP_M198_NATICK.zip","http://wsgw.mass.gov/data/gispub/shape/l3parcels/L3_SHP_M198_NATICK.zip"
"L3_SHP_M199_NEEDHAM.zip","http://wsgw.mass.gov/data/gispub/shape/l3parcels/L3_SHP_M199_NEEDHAM.zip"
"L3_SHP_M200_NEWASHFORD.zip","http://wsgw.mass.gov/data/gispub/shape/l3parcels/L3_SHP_M200_NEWASHFORD.zip"
"L3_SHP_M201_NEWBEDFORD.zip","http://wsgw.mass.gov/data/gispub/shape/l3parcels/L3_SHP_M201_NEWBEDFORD.zip"
"L3_SHP_M202_NEWBRAINTREE.zip","http://wsgw.mass.gov/data/gispub/shape/l3parcels/L3_SHP_M202_NEWBRAINTREE.zip"
"L3_SHP_M203_NEWMARLBOROUGH.zip","http://wsgw.mass.gov/data/gispub/shape/l3parcels/L3_SHP_M203_NEWMARLBOROUGH.zip"
"L3_SHP_M204_NEWSALEM.zip","http://wsgw.mass.gov/data/gispub/shape/l3parcels/L3_SHP_M204_NEWSALEM.zip"
"L3_SHP_M205_NEWBURY.zip","http://wsgw.mass.gov/data/gispub/shape/l3parcels/L3_SHP_M205_NEWBURY.zip"
"L3_SHP_M206_NEWBURYPORT.zip","http://wsgw.mass.gov/data/gispub/shape/l3parcels/L3_SHP_M206_NEWBURYPORT.zip"
"L3_SHP_M207_NEWTON.zip","http://wsgw.mass.gov/data/gispub/shape/l3parcels/L3_SHP_M207_NEWTON.zip"
"L3_SHP_M208_NORFOLK.zip","http://wsgw.mass.gov/data/gispub/shape/l3parcels/L3_SHP_M208_NORFOLK.zip"
"L3_SHP_M209_NORTHADAMS.zip","http://wsgw.mass.gov/data/gispub/shape/l3parcels/L3_SHP_M209_NORTHADAMS.zip"
"L3_SHP_M210_NORTHANDOVER.zip","http://wsgw.mass.gov/data/gispub/shape/l3parcels/L3_SHP_M210_NORTHANDOVER.zip"
"L3_SHP_M211_NORTHATTLEBOROUGH.zip","http://wsgw.mass.gov/data/gispub/shape/l3parcels/L3_SHP_M211_NORTHATTLEBOROUGH.zip"
"L3_SHP_M212_NORTHBROOKFIELD.zip","http://wsgw.mass.gov/data/gispub/shape/l3parcels/L3_SHP_M212_NORTHBROOKFIELD.zip"
"L3_SHP_M213_NORTHREADING.zip","http://wsgw.mass.gov/data/gispub/shape/l3parcels/L3_SHP_M213_NORTHREADING.zip"
"L3_SHP_M214_NORTHAMPTON.zip","http://wsgw.mass.gov/data/gispub/shape/l3parcels/L3_SHP_M214_NORTHAMPTON.zip"
"L3_SHP_M215_NORTHBOROUGH.zip","http://wsgw.mass.gov/data/gispub/shape/l3parcels/L3_SHP_M215_NORTHBOROUGH.zip"
"L3_SHP_M216_NORTHBRIDGE.zip","http://wsgw.mass.gov/data/gispub/shape/l3parcels/L3_SHP_M216_NORTHBRIDGE.zip"
"L3_SHP_M217_NORTHFIELD.zip","http://wsgw.mass.gov/data/gispub/shape/l3parcels/L3_SHP_M217_NORTHFIELD.zip"
"L3_SHP_M218_NORTON.zip","http://wsgw.mass.gov/data/gispub/shape/l3parcels/L3_SHP_M218_NORTON.zip"
"L3_SHP_M219_NORWELL.zip","http://wsgw.mass.gov/data/gispub/shape/l3parcels/L3_SHP_M219_NORWELL.zip"
"L3_SHP_M220_NORWOOD.zip","http://wsgw.mass.gov/data/gispub/shape/l3parcels/L3_SHP_M220_NORWOOD.zip"
"L3_SHP_M221_OAKBLUFFS.zip","http://wsgw.mass.gov/data/gispub/shape/l3parcels/L3_SHP_M221_OAKBLUFFS.zip"
"L3_SHP_M222_OAKHAM.zip","http://wsgw.mass.gov/data/gispub/shape/l3parcels/L3_SHP_M222_OAKHAM.zip"
"L3_SHP_M223_ORANGE.zip","http://wsgw.mass.gov/data/gispub/shape/l3parcels/L3_SHP_M223_ORANGE.zip"
"L3_SHP_M224_ORLEANS.zip","http://wsgw.mass.gov/data/gispub/shape/l3parcels/L3_SHP_M224_ORLEANS.zip"
"L3_SHP_M225_OTIS.zip","http://wsgw.mass.gov/data/gispub/shape/l3parcels/L3_SHP_M225_OTIS.zip"
"L3_SHP_M226_OXFORD.zip","http://wsgw.mass.gov/data/gispub/shape/l3parcels/L3_SHP_M226_OXFORD.zip"
"L3_SHP_M227_PALMER.zip","http://wsgw.mass.gov/data/gispub/shape/l3parcels/L3_SHP_M227_PALMER.zip"
"L3_SHP_M228_PAXTON.zip","http://wsgw.mass.gov/data/gispub/shape/l3parcels/L3_SHP_M228_PAXTON.zip"
"L3_SHP_M229_PEABODY.zip","http://wsgw.mass.gov/data/gispub/shape/l3parcels/L3_SHP_M229_PEABODY.zip"
"L3_SHP_M230_PELHAM.zip","http://wsgw.mass.gov/data/gispub/shape/l3parcels/L3_SHP_M230_PELHAM.zip"
"L3_SHP_M231_PEMBROKE.zip","http://wsgw.mass.gov/data/gispub/shape/l3parcels/L3_SHP_M231_PEMBROKE.zip"
"L3_SHP_M232_PEPPERELL.zip","http://wsgw.mass.gov/data/gispub/shape/l3parcels/L3_SHP_M232_PEPPERELL.zip"
"L3_SHP_M233_PERU.zip","http://wsgw.mass.gov/data/gispub/shape/l3parcels/L3_SHP_M233_PERU.zip"
"L3_SHP_M234_PETERSHAM.zip","http://wsgw.mass.gov/data/gispub/shape/l3parcels/L3_SHP_M234_PETERSHAM.zip"
"L3_SHP_M235_PHILLIPSTON.zip","http://wsgw.mass.gov/data/gispub/shape/l3parcels/L3_SHP_M235_PHILLIPSTON.zip"
"L3_SHP_M236_PITTSFIELD.zip","http://wsgw.mass.gov/data/gispub/shape/l3parcels/L3_SHP_M236_PITTSFIELD.zip"
"L3_SHP_M237_PLAINFIELD.zip","http://wsgw.mass.gov/data/gispub/shape/l3parcels/L3_SHP_M237_PLAINFIELD.zip"
"L3_SHP_M238_PLAINVILLE.zip","http://wsgw.mass.gov/data/gispub/shape/l3parcels/L3_SHP_M238_PLAINVILLE.zip"
"L3_SHP_M239_PLYMOUTH.zip","http://wsgw.mass.gov/data/gispub/shape/l3parcels/L3_SHP_M239_PLYMOUTH.zip"
"L3_SHP_M240_PLYMPTON.zip","http://wsgw.mass.gov/data/gispub/shape/l3parcels/L3_SHP_M240_PLYMPTON.zip"
"L3_SHP_M241_PRINCETON.zip","http://wsgw.mass.gov/data/gispub/shape/l3parcels/L3_SHP_M241_PRINCETON.zip"
"L3_SHP_M242_PROVINCETOWN.zip","http://wsgw.mass.gov/data/gispub/shape/l3parcels/L3_SHP_M242_PROVINCETOWN.zip"
"L3_SHP_M243_QUINCY.zip","http://wsgw.mass.gov/data/gispub/shape/l3parcels/L3_SHP_M243_QUINCY.zip"
"L3_SHP_M244_RANDOLPH.zip","http://wsgw.mass.gov/data/gispub/shape/l3parcels/L3_SHP_M244_RANDOLPH.zip"
"L3_SHP_M245_RAYNHAM.zip","http://wsgw.mass.gov/data/gispub/shape/l3parcels/L3_SHP_M245_RAYNHAM.zip"
"L3_SHP_M246_READING.zip","http://wsgw.mass.gov/data/gispub/shape/l3parcels/L3_SHP_M246_READING.zip"
"L3_SHP_M247_REHOBOTH.zip","http://wsgw.mass.gov/data/gispub/shape/l3parcels/L3_SHP_M247_REHOBOTH.zip"
"L3_SHP_M248_REVERE.zip","http://wsgw.mass.gov/data/gispub/shape/l3parcels/L3_SHP_M248_REVERE.zip"
"L3_SHP_M249_RICHMOND.zip","http://wsgw.mass.gov/data/gispub/shape/l3parcels/L3_SHP_M249_RICHMOND.zip"
"L3_SHP_M250_ROCHESTER.zip","http://wsgw.mass.gov/data/gispub/shape/l3parcels/L3_SHP_M250_ROCHESTER.zip"
"L3_SHP_M251_ROCKLAND.zip","http://wsgw.mass.gov/data/gispub/shape/l3parcels/L3_SHP_M251_ROCKLAND.zip"
"L3_SHP_M252_ROCKPORT.zip","http://wsgw.mass.gov/data/gispub/shape/l3parcels/L3_SHP_M252_ROCKPORT.zip"
"L3_SHP_M253_ROWE.zip","http://wsgw.mass.gov/data/gispub/shape/l3parcels/L3_SHP_M253_ROWE.zip"
"L3_SHP_M254_ROWLEY.zip","http://wsgw.mass.gov/data/gispub/shape/l3parcels/L3_SHP_M254_ROWLEY.zip"
"L3_SHP_M255_ROYALSTON.zip","http://wsgw.mass.gov/data/gispub/shape/l3parcels/L3_SHP_M255_ROYALSTON.zip"
"L3_SHP_M256_RUSSELL.zip","http://wsgw.mass.gov/data/gispub/shape/l3parcels/L3_SHP_M256_RUSSELL.zip"
"L3_SHP_M257_RUTLAND.zip","http://wsgw.mass.gov/data/gispub/shape/l3parcels/L3_SHP_M257_RUTLAND.zip"
"L3_SHP_M258_SALEM.zip","http://wsgw.mass.gov/data/gispub/shape/l3parcels/L3_SHP_M258_SALEM.zip"
"L3_SHP_M259_SALISBURY.zip","http://wsgw.mass.gov/data/gispub/shape/l3parcels/L3_SHP_M259_SALISBURY.zip"
"L3_SHP_M260_SANDISFIELD.zip","http://wsgw.mass.gov/data/gispub/shape/l3parcels/L3_SHP_M260_SANDISFIELD.zip"
"L3_SHP_M261_SANDWICH.zip","http://wsgw.mass.gov/data/gispub/shape/l3parcels/L3_SHP_M261_SANDWICH.zip"
"L3_SHP_M262_SAUGUS.zip","http://wsgw.mass.gov/data/gispub/shape/l3parcels/L3_SHP_M262_SAUGUS.zip"
"L3_SHP_M263_SAVOY.zip","http://wsgw.mass.gov/data/gispub/shape/l3parcels/L3_SHP_M263_SAVOY.zip"
"L3_SHP_M264_SCITUATE.zip","http://wsgw.mass.gov/data/gispub/shape/l3parcels/L3_SHP_M264_SCITUATE.zip"
"L3_SHP_M265_SEEKONK.zip","http://wsgw.mass.gov/data/gispub/shape/l3parcels/L3_SHP_M265_SEEKONK.zip"
"L3_SHP_M266_SHARON.zip","http://wsgw.mass.gov/data/gispub/shape/l3parcels/L3_SHP_M266_SHARON.zip"
"L3_SHP_M267_SHEFFIELD.zip","http://wsgw.mass.gov/data/gispub/shape/l3parcels/L3_SHP_M267_SHEFFIELD.zip"
"L3_SHP_M268_SHELBURNE.zip","http://wsgw.mass.gov/data/gispub/shape/l3parcels/L3_SHP_M268_SHELBURNE.zip"
"L3_SHP_M269_SHERBORN.zip","http://wsgw.mass.gov/data/gispub/shape/l3parcels/L3_SHP_M269_SHERBORN.zip"
"L3_SHP_M270_SHIRLEY.zip","http://wsgw.mass.gov/data/gispub/shape/l3parcels/L3_SHP_M270_SHIRLEY.zip"
"L3_SHP_M271_SHREWSBURY.zip","http://wsgw.mass.gov/data/gispub/shape/l3parcels/L3_SHP_M271_SHREWSBURY.zip"
"L3_SHP_M272_SHUTESBURY.zip","http://wsgw.mass.gov/data/gispub/shape/l3parcels/L3_SHP_M272_SHUTESBURY.zip"
"L3_SHP_M273_SOMERSET.zip","http://wsgw.mass.gov/data/gispub/shape/l3parcels/L3_SHP_M273_SOMERSET.zip"
"L3_SHP_M274_SOMERVILLE.zip","http://wsgw.mass.gov/data/gispub/shape/l3parcels/L3_SHP_M274_SOMERVILLE.zip"
"L3_SHP_M275_SOUTHHADLEY.zip","http://wsgw.mass.gov/data/gispub/shape/l3parcels/L3_SHP_M275_SOUTHHADLEY.zip"
"L3_SHP_M276_SOUTHAMPTON.zip","http://wsgw.mass.gov/data/gispub/shape/l3parcels/L3_SHP_M276_SOUTHAMPTON.zip"
"L3_SHP_M277_SOUTHBOROUGH.zip","http://wsgw.mass.gov/data/gispub/shape/l3parcels/L3_SHP_M277_SOUTHBOROUGH.zip"
"L3_SHP_M278_SOUTHBRIDGE.zip","http://wsgw.mass.gov/data/gispub/shape/l3parcels/L3_SHP_M278_SOUTHBRIDGE.zip"
"L3_SHP_M279_SOUTHWICK.zip","http://wsgw.mass.gov/data/gispub/shape/l3parcels/L3_SHP_M279_SOUTHWICK.zip"
"L3_SHP_M280_SPENCER.zip","http://wsgw.mass.gov/data/gispub/shape/l3parcels/L3_SHP_M280_SPENCER.zip"
"L3_SHP_M281_SPRINGFIELD.zip","http://wsgw.mass.gov/data/gispub/shape/l3parcels/L3_SHP_M281_SPRINGFIELD.zip"
"L3_SHP_M282_STERLING.zip","http://wsgw.mass.gov/data/gispub/shape/l3parcels/L3_SHP_M282_STERLING.zip"
"L3_SHP_M283_STOCKBRIDGE.zip","http://wsgw.mass.gov/data/gispub/shape/l3parcels/L3_SHP_M283_STOCKBRIDGE.zip"
"L3_SHP_M284_STONEHAM.zip","http://wsgw.mass.gov/data/gispub/shape/l3parcels/L3_SHP_M284_STONEHAM.zip"
"L3_SHP_M285_STOUGHTON.zip","http://wsgw.mass.gov/data/gispub/shape/l3parcels/L3_SHP_M285_STOUGHTON.zip"
"L3_SHP_M286_STOW.zip","http://wsgw.mass.gov/data/gispub/shape/l3parcels/L3_SHP_M286_STOW.zip"
"L3_SHP_M287_STURBRIDGE.zip","http://wsgw.mass.gov/data/gispub/shape/l3parcels/L3_SHP_M287_STURBRIDGE.zip"
"L3_SHP_M288_SUDBURY.zip","http://wsgw.mass.gov/data/gispub/shape/l3parcels/L3_SHP_M288_SUDBURY.zip"
"L3_SHP_M289_SUNDERLAND.zip","http://wsgw.mass.gov/data/gispub/shape/l3parcels/L3_SHP_M289_SUNDERLAND.zip"
"L3_SHP_M290_SUTTON.zip","http://wsgw.mass.gov/data/gispub/shape/l3parcels/L3_SHP_M290_SUTTON.zip"
"L3_SHP_M291_SWAMPSCOTT.zip","http://wsgw.mass.gov/data/gispub/shape/l3parcels/L3_SHP_M291_SWAMPSCOTT.zip"
"L3_SHP_M292_SWANSEA.zip","http://wsgw.mass.gov/data/gispub/shape/l3parcels/L3_SHP_M292_SWANSEA.zip"
"L3_SHP_M293_TAUNTON.zip","http://wsgw.mass.gov/data/gispub/shape/l3parcels/L3_SHP_M293_TAUNTON.zip"
"L3_SHP_M294_TEMPLETON.zip","http://wsgw.mass.gov/data/gispub/shape/l3parcels/L3_SHP_M294_TEMPLETON.zip"
"L3_SHP_M295_TEWKSBURY.zip","http://wsgw.mass.gov/data/gispub/shape/l3parcels/L3_SHP_M295_TEWKSBURY.zip"
"L3_SHP_M296_TISBURY.zip","http://wsgw.mass.gov/data/gispub/shape/l3parcels/L3_SHP_M296_TISBURY.zip"
"L3_SHP_M297_TOLLAND.zip","http://wsgw.mass.gov/data/gispub/shape/l3parcels/L3_SHP_M297_TOLLAND.zip"
"L3_SHP_M298_TOPSFIELD.zip","http://wsgw.mass.gov/data/gispub/shape/l3parcels/L3_SHP_M298_TOPSFIELD.zip"
"L3_SHP_M299_TOWNSEND.zip","http://wsgw.mass.gov/data/gispub/shape/l3parcels/L3_SHP_M299_TOWNSEND.zip"
"L3_SHP_M300_TRURO.zip","http://wsgw.mass.gov/data/gispub/shape/l3parcels/L3_SHP_M300_TRURO.zip"
"L3_SHP_M301_TYNGSBOROUGH.zip","http://wsgw.mass.gov/data/gispub/shape/l3parcels/L3_SHP_M301_TYNGSBOROUGH.zip"
"L3_SHP_M302_TYRINGHAM.zip","http://wsgw.mass.gov/data/gispub/shape/l3parcels/L3_SHP_M302_TYRINGHAM.zip"
"L3_SHP_M303_UPTON.zip","http://wsgw.mass.gov/data/gispub/shape/l3parcels/L3_SHP_M303_UPTON.zip"
"L3_SHP_M304_UXBRIDGE.zip","http://wsgw.mass.gov/data/gispub/shape/l3parcels/L3_SHP_M304_UXBRIDGE.zip"
"L3_SHP_M305_WAKEFIELD.zip","http://wsgw.mass.gov/data/gispub/shape/l3parcels/L3_SHP_M305_WAKEFIELD.zip"
"L3_SHP_M306_WALES.zip","http://wsgw.mass.gov/data/gispub/shape/l3parcels/L3_SHP_M306_WALES.zip"
"L3_SHP_M307_WALPOLE.zip","http://wsgw.mass.gov/data/gispub/shape/l3parcels/L3_SHP_M307_WALPOLE.zip"
"L3_SHP_M308_WALTHAM.zip","http://wsgw.mass.gov/data/gispub/shape/l3parcels/L3_SHP_M308_WALTHAM.zip"
"L3_SHP_M309_WARE.zip","http://wsgw.mass.gov/data/gispub/shape/l3parcels/L3_SHP_M309_WARE.zip"
"L3_SHP_M310_WAREHAM.zip","http://wsgw.mass.gov/data/gispub/shape/l3parcels/L3_SHP_M310_WAREHAM.zip"
"L3_SHP_M311_WARREN.zip","http://wsgw.mass.gov/data/gispub/shape/l3parcels/L3_SHP_M311_WARREN.zip"
"L3_SHP_M312_WARWICK.zip","http://wsgw.mass.gov/data/gispub/shape/l3parcels/L3_SHP_M312_WARWICK.zip"
"L3_SHP_M313_WASHINGTON.zip","http://wsgw.mass.gov/data/gispub/shape/l3parcels/L3_SHP_M313_WASHINGTON.zip"
"L3_SHP_M314_WATERTOWN.zip","http://wsgw.mass.gov/data/gispub/shape/l3parcels/L3_SHP_M314_WATERTOWN.zip"
"L3_SHP_M315_WAYLAND.zip","http://wsgw.mass.gov/data/gispub/shape/l3parcels/L3_SHP_M315_WAYLAND.zip"
"L3_SHP_M316_WEBSTER.zip","http://wsgw.mass.gov/data/gispub/shape/l3parcels/L3_SHP_M316_WEBSTER.zip"
"L3_SHP_M317_WELLESLEY.zip","http://wsgw.mass.gov/data/gispub/shape/l3parcels/L3_SHP_M317_WELLESLEY.zip"
"L3_SHP_M318_WELLFLEET.zip","http://wsgw.mass.gov/data/gispub/shape/l3parcels/L3_SHP_M318_WELLFLEET.zip"
"L3_SHP_M319_WENDELL.zip","http://wsgw.mass.gov/data/gispub/shape/l3parcels/L3_SHP_M319_WENDELL.zip"
"L3_SHP_M320_WENHAM.zip","http://wsgw.mass.gov/data/gispub/shape/l3parcels/L3_SHP_M320_WENHAM.zip"
"L3_SHP_M321_WESTBOYLSTON.zip","http://wsgw.mass.gov/data/gispub/shape/l3parcels/L3_SHP_M321_WESTBOYLSTON.zip"
"L3_SHP_M322_WESTBRIDGEWATER.zip","http://wsgw.mass.gov/data/gispub/shape/l3parcels/L3_SHP_M322_WESTBRIDGEWATER.zip"
"L3_SHP_M323_WESTBROOKFIELD.zip","http://wsgw.mass.gov/data/gispub/shape/l3parcels/L3_SHP_M323_WESTBROOKFIELD.zip"
"L3_SHP_M324_WESTNEWBURY.zip","http://wsgw.mass.gov/data/gispub/shape/l3parcels/L3_SHP_M324_WESTNEWBURY.zip"
"L3_SHP_M325_WESTSPRINGFIELD.zip","http://wsgw.mass.gov/data/gispub/shape/l3parcels/L3_SHP_M325_WESTSPRINGFIELD.zip"
"L3_SHP_M326_WESTSTOCKBRIDGE.zip","http://wsgw.mass.gov/data/gispub/shape/l3parcels/L3_SHP_M326_WESTSTOCKBRIDGE.zip"
"L3_SHP_M327_WESTTISBURY.zip","http://wsgw.mass.gov/data/gispub/shape/l3parcels/L3_SHP_M327_WESTTISBURY.zip"
"L3_SHP_M328_WESTBOROUGH.zip","http://wsgw.mass.gov/data/gispub/shape/l3parcels/L3_SHP_M328_WESTBOROUGH.zip"
"L3_SHP_M329_WESTFIELD.zip","http://wsgw.mass.gov/data/gispub/shape/l3parcels/L3_SHP_M329_WESTFIELD.zip"
"L3_SHP_M330_WESTFORD.zip","http://wsgw.mass.gov/data/gispub/shape/l3parcels/L3_SHP_M330_WESTFORD.zip"
"L3_SHP_M331_WESTHAMPTON.zip","http://wsgw.mass.gov/data/gispub/shape/l3parcels/L3_SHP_M331_WESTHAMPTON.zip"
"L3_SHP_M332_WESTMINSTER.zip","http://wsgw.mass.gov/data/gispub/shape/l3parcels/L3_SHP_M332_WESTMINSTER.zip"
"L3_SHP_M333_WESTON.zip","http://wsgw.mass.gov/data/gispub/shape/l3parcels/L3_SHP_M333_WESTON.zip"
"L3_SHP_M334_WESTPORT.zip","http://wsgw.mass.gov/data/gispub/shape/l3parcels/L3_SHP_M334_WESTPORT.zip"
"L3_SHP_M335_WESTWOOD.zip","http://wsgw.mass.gov/data/gispub/shape/l3parcels/L3_SHP_M335_WESTWOOD.zip"
"L3_SHP_M336_WEYMOUTH.zip","http://wsgw.mass.gov/data/gispub/shape/l3parcels/L3_SHP_M336_WEYMOUTH.zip"
"L3_SHP_M337_WHATELY.zip","http://wsgw.mass.gov/data/gispub/shape/l3parcels/L3_SHP_M337_WHATELY.zip"
"L3_SHP_M338_WHITMAN.zip","http://wsgw.mass.gov/data/gispub/shape/l3parcels/L3_SHP_M338_WHITMAN.zip"
"L3_SHP_M339_WILBRAHAM.zip","http://wsgw.mass.gov/data/gispub/shape/l3parcels/L3_SHP_M339_WILBRAHAM.zip"
"L3_SHP_M340_WILLIAMSBURG.zip","http://wsgw.mass.gov/data/gispub/shape/l3parcels/L3_SHP_M340_WILLIAMSBURG.zip"
"L3_SHP_M341_WILLIAMSTOWN.zip","http://wsgw.mass.gov/data/gispub/shape/l3parcels/L3_SHP_M341_WILLIAMSTOWN.zip"
"L3_SHP_M342_WILMINGTON.zip","http://wsgw.mass.gov/data/gispub/shape/l3parcels/L3_SHP_M342_WILMINGTON.zip"
"L3_SHP_M343_WINCHENDON.zip","http://wsgw.mass.gov/data/gispub/shape/l3parcels/L3_SHP_M343_WINCHENDON.zip"
"L3_SHP_M344_WINCHESTER.zip","http://wsgw.mass.gov/data/gispub/shape/l3parcels/L3_SHP_M344_WINCHESTER.zip"
"L3_SHP_M345_WINDSOR.zip","http://wsgw.mass.gov/data/gispub/shape/l3parcels/L3_SHP_M345_WINDSOR.zip"
"L3_SHP_M346_WINTHROP.zip","http://wsgw.mass.gov/data/gispub/shape/l3parcels/L3_SHP_M346_WINTHROP.zip"
"L3_SHP_M347_WOBURN.zip","http://wsgw.mass.gov/data/gispub/shape/l3parcels/L3_SHP_M347_WOBURN.zip"
"L3_SHP_M348_WORCESTER.zip","http://wsgw.mass.gov/data/gispub/shape/l3parcels/L3_SHP_M348_WORCESTER.zip"
"L3_SHP_M349_WORTHINGTON.zip","http://wsgw.mass.gov/data/gispub/shape/l3parcels/L3_SHP_M349_WORTHINGTON.zip"
"L3_SHP_M350_WRENTHAM.zip","http://wsgw.mass.gov/data/gispub/shape/l3parcels/L3_SHP_M350_WRENTHAM.zip"
"L3_SHP_M351_YARMOUTH.zip","http://wsgw.mass.gov/data/gispub/shape/l3parcels/L3_SHP_M351_YARMOUTH.zip"
